{
  "omega_only": [
    0.9454545454545454,
    0.21818181818181817,
    0.9818181818181818,
    1.0,
    0.2,
    0.05454545454545454,
    0.8,
    0.9818181818181818,
    0.12727272727272726,
    0.9636363636363636,
    0.14545454545454545,
    0.9818181818181818,
    0.14545454545454545,
    0.9636363636363636,
    0.2545454545454545,
    0.09090909090909091,
    0.10909090909090909,
    1.0,
    0.6727272727272727,
    0.8181818181818182
  ],
  "K_only": [
    0.8181818181818182,
    0.21818181818181817,
    0.9090909090909091,
    0.2727272727272727,
    0.2,
    0.05454545454545454,
    0.7818181818181819,
    0.8545454545454545,
    0.16363636363636364,
    0.8727272727272727,
    0.14545454545454545,
    0.8727272727272727,
    0.14545454545454545,
    0.8363636363636363,
    0.2545454545454545,
    0.09090909090909091,
    0.10909090909090909,
    0.45454545454545453,
    0.6727272727272727,
    0.7818181818181819
  ],
  "both": [
    0.9454545454545454,
    0.21818181818181817,
    0.9818181818181818,
    1.0,
    0.2,
    0.05454545454545454,
    0.8181818181818182,
    0.9818181818181818,
    0.12727272727272726,
    0.9454545454545454,
    0.14545454545454545,
    0.9818181818181818,
    0.14545454545454545,
    0.9636363636363636,
    0.2545454545454545,
    0.09090909090909091,
    0.10909090909090909,
    1.0,
    0.6727272727272727,
    0.8
  ]
}