{
  "omega_only": [
    0.7636363636363637,
    0.4,
    0.8909090909090909,
    0.6545454545454545,
    0.2545454545454545,
    0.2727272727272727,
    0.6727272727272727,
    0.7090909090909091,
    0.34545454545454546,
    0.6909090909090909,
    0.21818181818181817,
    0.8,
    0.23636363636363636,
    0.7818181818181819,
    0.34545454545454546,
    0.21818181818181817,
    0.2545454545454545,
    0.8,
    0.5818181818181818,
    0.7454545454545455
  ],
  "K_only": [
    0.6727272727272727,
    0.36363636363636365,
    0.8181818181818182,
    0.2727272727272727,
    0.2545454545454545,
    0.2909090909090909,
    0.6363636363636364,
    0.6909090909090909,
    0.32727272727272727,
    0.509090909090909,
    0.21818181818181817,
    0.7636363636363637,
    0.21818181818181817,
    0.7090909090909091,
    0.32727272727272727,
    0.21818181818181817,
    0.2545454545454545,
    0.5272727272727272,
    0.5818181818181818,
    0.7454545454545455
  ],
  "both": [
    0.7636363636363637,
    0.4,
    0.8909090909090909,
    0.7090909090909091,
    0.2545454545454545,
    0.2727272727272727,
    0.6727272727272727,
    0.7090909090909091,
    0.34545454545454546,
    0.6909090909090909,
    0.21818181818181817,
    0.8,
    0.23636363636363636,
    0.7818181818181819,
    0.34545454545454546,
    0.21818181818181817,
    0.2545454545454545,
    0.8,
    0.5818181818181818,
    0.7454545454545455
  ]
}