{
  "environments": {
    "A": [
      1.0,
      2.0,
      3.0
    ],
    "B": [
      1.5,
      2.5,
      4.0
    ],
    "C": [
      0.8,
      1.8,
      3.5
    ]
  },
  "oracle": {
    "A": {
      "acc": 1.0
    },
    "B": {
      "acc": 1.0
    },
    "C": {
      "acc": 1.0
    }
  },
  "fixed_digital": {
    "A": {
      "acc_frozen": 1.0,
      "acc_retrained": 1.0
    },
    "B": {
      "acc_frozen": 0.63,
      "acc_retrained": 1.0
    },
    "C": {
      "acc_frozen": 1.0,
      "acc_retrained": 1.0
    }
  },
  "adaptive_hebbian": {
    "A": {
      "acc_before": 0.75,
      "acc_after": 0.86,
      "track_before": 0.14690475332652975,
      "track_after": 0.053652867048834874,
      "omega_after": [
        0.9855727952557171,
        1.9576007239524578,
        2.752771876267106,
        3.1041321203546794,
        3.352488146315952,
        3.9149734326029906,
        4.034973432602991,
        4.236331310909904
      ],
      "adapt_steps": 30,
      "total_steps": 30
    },
    "B": {
      "acc_before": 0.63,
      "acc_after": 0.63,
      "track_before": 0.24844867760751818,
      "track_after": 0.11484907482009454,
      "omega_after": [
        1.3741543723154876,
        1.6059092082465853,
        2.3274866957916345,
        2.671216990825239,
        3.601556129113302,
        3.9325789746115407,
        4.204462860108378,
        4.477235017796246
      ],
      "adapt_steps": 30,
      "total_steps": 60
    },
    "C": {
      "acc_before": 0.68,
      "acc_after": 0.8,
      "track_before": 0.28993376439406804,
      "track_after": 0.053156903866344606,
      "omega_after": [
        0.8089798477667388,
        1.638953831124638,
        1.9370370362194629,
        2.671216990825239,
        3.1058975210021043,
        3.486546172387168,
        3.808890257476017,
        4.477235017796246
      ],
      "adapt_steps": 30,
      "total_steps": 90
    }
  },
  "adaptive_fd": {
    "A": {
      "acc_before": 0.75,
      "acc_after": 0.75,
      "grad_norms": [
        0.016402861121825582,
        0.01662121822789073,
        0.016826914389989334
      ],
      "total_steps": 3
    },
    "B": {
      "acc_before": 0.63,
      "acc_after": 0.63,
      "grad_norms": [
        0.017030453832903785,
        0.01686103383285095,
        0.016689499965181157
      ],
      "total_steps": 6
    },
    "C": {
      "acc_before": 0.74,
      "acc_after": 0.74,
      "grad_norms": [
        0.03872731259804566,
        0.03838260008395308,
        0.038023502221979956
      ],
      "total_steps": 9
    }
  },
  "summary": {
    "oracle_mean": 1.0,
    "fixed_frozen_mean": 0.8766666666666666,
    "fixed_retrained_mean": 1.0,
    "hebbian_mean": 0.7633333333333333,
    "fd_mean": 0.7066666666666667,
    "hebbian_total_steps": 90,
    "fd_total_steps": 9
  },
  "wall_time_s": 316.23527455329895
}