{
  "omega_only": {
    "accs": [
      0.22,
      0.36,
      0.3,
      0.18,
      0.24,
      0.28,
      0.36,
      0.34,
      0.26,
      0.26
    ],
    "mean": 0.27999999999999997,
    "conv": 3,
    "conv_mean": 0.35333333333333333
  },
  "K_only": {
    "accs": [
      0.12,
      0.34,
      0.22,
      0.18,
      0.16,
      0.26,
      0.36,
      0.16,
      0.26,
      0.26
    ],
    "mean": 0.23200000000000004,
    "conv": 2,
    "conv_mean": 0.35
  },
  "both": {
    "accs": [
      0.22,
      0.36,
      0.3,
      0.18,
      0.24,
      0.28,
      0.36,
      0.34,
      0.26,
      0.26
    ],
    "mean": 0.27999999999999997,
    "conv": 3,
    "conv_mean": 0.35333333333333333
  }
}