{
  "approach_a": {
    "0": {
      "ep": 0.36666666666666664,
      "logreg": 1.0
    },
    "1": {
      "ep": 0.6833333333333333,
      "logreg": 1.0
    },
    "2": {
      "ep": 0.5666666666666667,
      "logreg": 1.0
    },
    "3": {
      "ep": 0.4,
      "logreg": 1.0
    },
    "4": {
      "ep": 0.6833333333333333,
      "logreg": 1.0
    }
  },
  "approach_b": {
    "0": {
      "best_acc": 0.38333333333333336
    },
    "1": {
      "best_acc": 0.3333333333333333
    },
    "2": {
      "best_acc": 0.43333333333333335
    },
    "3": {
      "best_acc": 0.4
    },
    "4": {
      "best_acc": 0.35
    }
  }
}