{
  "tp_accs": [
    0.9454545454545454,
    0.21818181818181817,
    0.9818181818181818,
    1.0,
    0.2,
    0.05454545454545454,
    0.8,
    0.9818181818181818,
    0.12727272727272726,
    0.9636363636363636
  ],
  "fd_accs": [
    0.9636363636363636,
    0.21818181818181817,
    0.9818181818181818,
    1.0,
    0.2,
    0.05454545454545454,
    0.7818181818181819,
    1.0,
    0.12727272727272726,
    0.9818181818181818
  ],
  "gaps": [
    0.018181818181818188,
    0.0,
    0.0,
    0.0,
    0.0,
    0.0,
    0.018181818181818188,
    0.018181818181818188,
    0.0,
    0.018181818181818188
  ],
  "mean_gap": 0.007272727272727275
}