{
  "0.0001": [
    0.8181818181818182,
    0.21818181818181817,
    0.9090909090909091,
    0.07272727272727272,
    0.2,
    0.05454545454545454,
    0.7818181818181819,
    0.8545454545454545,
    0.12727272727272726,
    0.4909090909090909,
    0.14545454545454545,
    0.8727272727272727,
    0.14545454545454545,
    0.8363636363636363,
    0.2545454545454545,
    0.09090909090909091,
    0.10909090909090909,
    0.45454545454545453,
    0.6181818181818182,
    0.7818181818181819
  ],
  "0.0005": [
    0.8181818181818182,
    0.21818181818181817,
    0.9090909090909091,
    0.09090909090909091,
    0.2,
    0.05454545454545454,
    0.7818181818181819,
    0.8545454545454545,
    0.14545454545454545,
    0.7636363636363637,
    0.14545454545454545,
    0.8727272727272727,
    0.14545454545454545,
    0.8363636363636363,
    0.2545454545454545,
    0.09090909090909091,
    0.10909090909090909,
    0.45454545454545453,
    0.6545454545454545,
    0.7818181818181819
  ],
  "0.001": [
    0.8181818181818182,
    0.21818181818181817,
    0.9090909090909091,
    0.2727272727272727,
    0.2,
    0.05454545454545454,
    0.7818181818181819,
    0.8545454545454545,
    0.16363636363636364,
    0.8727272727272727,
    0.14545454545454545,
    0.8727272727272727,
    0.14545454545454545,
    0.8363636363636363,
    0.2545454545454545,
    0.09090909090909091,
    0.10909090909090909,
    0.45454545454545453,
    0.6727272727272727,
    0.7818181818181819
  ],
  "0.005": [
    0.8181818181818182,
    0.21818181818181817,
    0.9090909090909091,
    0.6,
    0.2,
    0.23636363636363636,
    0.7818181818181819,
    0.8545454545454545,
    0.7454545454545455,
    0.8727272727272727,
    0.14545454545454545,
    0.8727272727272727,
    0.14545454545454545,
    0.8363636363636363,
    0.2545454545454545,
    0.09090909090909091,
    0.10909090909090909,
    0.6545454545454545,
    0.7454545454545455,
    0.7818181818181819
  ],
  "0.01": [
    0.8181818181818182,
    0.21818181818181817,
    0.9090909090909091,
    0.6363636363636364,
    0.2,
    0.5818181818181818,
    0.7818181818181819,
    0.8545454545454545,
    0.7454545454545455,
    0.8,
    0.14545454545454545,
    0.8727272727272727,
    0.14545454545454545,
    0.8363636363636363,
    0.2727272727272727,
    0.09090909090909091,
    0.10909090909090909,
    0.6727272727272727,
    0.7454545454545455,
    0.7818181818181819
  ],
  "omega_ref_0.001": [
    0.9454545454545454,
    0.21818181818181817,
    0.9818181818181818,
    1.0,
    0.2,
    0.05454545454545454,
    0.8,
    0.9818181818181818,
    0.12727272727272726,
    0.9636363636363636,
    0.14545454545454545,
    0.9818181818181818,
    0.14545454545454545,
    0.9636363636363636,
    0.2545454545454545,
    0.09090909090909091,
    0.10909090909090909,
    1.0,
    0.6363636363636364,
    0.8
  ]
}