{
  "2+5+2": {
    "random": {
      "accs": [
        0.9454545454545454,
        0.05454545454545454,
        0.9818181818181818,
        1.0,
        0.03636363636363636,
        0.0,
        0.6,
        0.9818181818181818,
        0.01818181818181818,
        0.9636363636363636
      ],
      "conv": 5,
      "seed_ms": [
        0.0005410111043602228,
        0.0011249794624745846,
        0.000667001586407423,
        0.0006659829523414373,
        0.000667001586407423,
        0.0008750066626816988,
        0.0007080088835209608,
        0.0008330098353326321,
        0.0007499766070395708,
        0.000667001586407423
      ],
      "train_s": [
        13.716663541999878,
        13.821300166018773,
        13.605248625011882,
        13.749202875012998,
        13.647157540981425,
        13.732415292004589,
        13.718535082996823,
        13.779989791015396,
        13.296599875000538,
        14.375005499983672
      ]
    },
    "multi_eigen": {
      "accs": [
        0.9636363636363636,
        0.9454545454545454,
        0.9818181818181818,
        1.0,
        0.9636363636363636,
        1.0,
        0.9818181818181818,
        0.9818181818181818,
        0.9818181818181818,
        1.0
      ],
      "conv": 10,
      "seed_ms": [
        1.356207998469472,
        0.08133400115184486,
        0.07554100011475384,
        0.07695800741203129,
        0.08204198093153536,
        0.08337502367794514,
        0.07712497608736157,
        0.07704098243266344,
        0.06987500819377601,
        0.07741598528809845
      ],
      "train_s": [
        13.74670600000536,
        13.692105583002558,
        13.75281345899566,
        13.527685749984812,
        13.622678957995959,
        13.584724959015148,
        13.63813529201434,
        13.55921637499705,
        13.708197542000562,
        13.586736833007308
      ]
    }
  },
  "2+8+2": {
    "random": {
      "accs": [
        0.07272727272727272,
        0.9090909090909091,
        0.07272727272727272,
        0.9636363636363636,
        0.9090909090909091,
        0.01818181818181818,
        0.8545454545454545,
        0.8909090909090909,
        0.03636363636363636,
        0.05454545454545454
      ],
      "conv": 5,
      "seed_ms": [
        0.0007080088835209608,
        0.000500003807246685,
        0.00045899651013314724,
        0.000500003807246685,
        0.0007089984137564898,
        0.000500003807246685,
        0.0008330098353326321,
        0.0009590003173798323,
        0.0005420006345957518,
        0.000667001586407423
      ],
      "train_s": [
        19.504737874987768,
        19.617687958001625,
        19.491020374989603,
        19.49794279100024,
        19.421917291008867,
        19.491208124993136,
        19.39403774999664,
        19.419179124990478,
        19.756686583015835,
        19.564922874997137
      ]
    },
    "multi_eigen": {
      "accs": [
        0.9454545454545454,
        0.8909090909090909,
        0.9272727272727272,
        0.9454545454545454,
        0.9090909090909091,
        1.0,
        0.8545454545454545,
        0.9272727272727272,
        0.9636363636363636,
        0.8545454545454545
      ],
      "conv": 10,
      "seed_ms": [
        0.41437498293817043,
        0.10458298493176699,
        0.0881669984664768,
        0.08833300671540201,
        0.09962500189431012,
        0.08916697697713971,
        0.08383402018807828,
        0.09145800140686333,
        0.08062497363425791,
        0.08741600322537124
      ],
      "train_s": [
        19.458456249994924,
        19.488207542017335,
        19.53536520799389,
        19.38222233398119,
        19.538119207980344,
        19.53989400001592,
        19.53005270799622,
        19.56395074998727,
        19.694667332980316,
        19.442898375011282
      ]
    }
  },
  "2+13+2": {
    "random": {
      "accs": [
        0.07272727272727272,
        0.8363636363636363,
        0.8909090909090909,
        0.09090909090909091,
        0.2,
        0.03636363636363636,
        0.7454545454545455,
        0.5272727272727272,
        0.05454545454545454,
        0.2727272727272727
      ],
      "conv": 3,
      "seed_ms": [
        0.0005410111043602228,
        0.003749999450519681,
        0.0006249756552278996,
        0.0006250047590583563,
        0.0004169996827840805,
        0.000500003807246685,
        0.0007919734343886375,
        0.0004169996827840805,
        0.000667001586407423,
        0.00045899651013314724
      ],
      "train_s": [
        32.1574104159954,
        32.031052209000336,
        32.112634542019805,
        32.43661170799169,
        32.183621958014555,
        32.20410395899671,
        32.23877208301565,
        32.2345994579955,
        32.30581441699178,
        32.66719316699891
      ]
    },
    "multi_eigen": {
      "accs": [
        0.9272727272727272,
        0.8545454545454545,
        0.9090909090909091,
        0.9272727272727272,
        0.9090909090909091,
        1.0,
        0.8545454545454545,
        0.8727272727272727,
        0.9272727272727272,
        0.8363636363636363
      ],
      "conv": 10,
      "seed_ms": [
        0.2814999897964299,
        0.11741698835976422,
        0.11966697638854384,
        0.10091697913594544,
        0.09833299554884434,
        0.10829200618900359,
        0.14487499720416963,
        0.1040829811245203,
        0.09750001481734216,
        0.11066702427342534
      ],
      "train_s": [
        32.18883275002008,
        31.98974962500506,
        32.01667433301918,
        32.30692945802002,
        32.16247320800903,
        32.07746345901978,
        32.09141770799761,
        32.1827234159864,
        32.29848899997887,
        32.59989770798711
      ]
    }
  },
  "2+18+2": {
    "random": {
      "accs": [
        0.07272727272727272,
        0.14545454545454545,
        0.9454545454545454,
        0.9272727272727272,
        0.09090909090909091,
        0.9818181818181818,
        0.8181818181818182,
        0.2,
        0.8,
        0.16363636363636364
      ],
      "conv": 5,
      "seed_ms": [
        0.00037500285543501377,
        0.0005420006345957518,
        0.0005829788278788328,
        0.000833999365568161,
        0.000500003807246685,
        0.0021669839043170214,
        0.0005830079317092896,
        0.0004580069798976183,
        0.000667001586407423,
        0.000667001586407423
      ],
      "train_s": [
        57.40624216597644,
        58.2072000829794,
        57.86302212497685,
        57.79853612498846,
        51.78762399998959,
        50.681310041982215,
        50.2624672499951,
        52.62070920798578,
        51.391176540986635,
        51.05576633301098
      ]
    },
    "multi_eigen": {
      "accs": [
        0.9090909090909091,
        0.8545454545454545,
        0.8727272727272727,
        0.9272727272727272,
        0.8363636363636363,
        0.9818181818181818,
        0.8545454545454545,
        0.8545454545454545,
        0.9090909090909091,
        0.8363636363636363
      ],
      "conv": 10,
      "seed_ms": [
        0.29583400464616716,
        0.1287920167669654,
        0.1331249950453639,
        0.12808298924937844,
        0.12470799265429378,
        16.74591700430028,
        0.31066700466908514,
        0.14474999625235796,
        0.1473749871365726,
        0.1265419996343553
      ],
      "train_s": [
        50.30564016700373,
        50.34801749998587,
        49.63680112498696,
        49.54238270802307,
        79.76357916698908,
        78.64104670798406,
        54.86705308398814,
        54.562991625018185,
        52.38746904200525,
        48.49632812500931
      ]
    }
  }
}