{
  "ou_random": [
    0.7636363636363637,
    0.3090909090909091,
    0.8727272727272727,
    0.6545454545454545,
    0.2,
    0.10909090909090909,
    0.5636363636363636,
    0.6909090909090909,
    0.2727272727272727,
    0.6909090909090909,
    0.16363636363636364,
    0.8,
    0.21818181818181817,
    0.7818181818181819,
    0.32727272727272727,
    0.18181818181818182,
    0.2545454545454545,
    0.8,
    0.2727272727272727,
    0.21818181818181817,
    0.21818181818181817,
    0.8181818181818182,
    0.2545454545454545,
    0.7454545454545455,
    0.18181818181818182,
    0.21818181818181817,
    0.16363636363636364,
    0.6909090909090909,
    0.18181818181818182,
    0.23636363636363636,
    0.8,
    0.7090909090909091,
    0.8,
    0.16363636363636364,
    0.2545454545454545,
    0.16363636363636364,
    0.5272727272727272,
    0.2545454545454545,
    0.2,
    0.6909090909090909,
    0.7272727272727273,
    0.32727272727272727,
    0.8,
    0.2545454545454545,
    0.8,
    0.3090909090909091,
    0.2545454545454545,
    0.43636363636363634,
    0.8909090909090909,
    0.2545454545454545
  ],
  "ou_multi_eigen": [
    0.7636363636363637,
    0.6909090909090909,
    0.8727272727272727,
    0.7090909090909091,
    0.8,
    0.8909090909090909,
    0.7090909090909091,
    0.6909090909090909,
    0.7272727272727273,
    0.6909090909090909,
    0.8363636363636363,
    0.8,
    0.7818181818181819,
    0.8,
    0.6727272727272727,
    0.8181818181818182,
    0.7454545454545455,
    0.8,
    0.7272727272727273,
    0.8,
    0.8363636363636363,
    0.8181818181818182,
    0.7454545454545455,
    0.7454545454545455,
    0.8363636363636363,
    0.7818181818181819,
    0.8363636363636363,
    0.6909090909090909,
    0.8181818181818182,
    0.8,
    0.8,
    0.7636363636363637,
    0.8363636363636363,
    0.8181818181818182,
    0.8545454545454545,
    0.8909090909090909,
    0.8181818181818182,
    0.7454545454545455,
    0.7818181818181819,
    0.6909090909090909,
    0.7272727272727273,
    0.7454545454545455,
    0.8181818181818182,
    0.7454545454545455,
    0.8,
    0.7272727272727273,
    0.7454545454545455,
    0.7636363636363637,
    0.8909090909090909,
    0.7272727272727273
  ],
  "ai_Konly_random": [
    0.8181818181818182,
    0.21818181818181817,
    0.8909090909090909,
    0.2727272727272727,
    0.2,
    0.01818181818181818,
    0.7636363636363637,
    0.8545454545454545,
    0.14545454545454545,
    0.8727272727272727,
    0.14545454545454545,
    0.8727272727272727,
    0.14545454545454545,
    0.8363636363636363,
    0.2545454545454545,
    0.09090909090909091,
    0.10909090909090909,
    0.43636363636363634,
    0.6727272727272727,
    0.7636363636363637,
    0.12727272727272726,
    0.8363636363636363,
    0.7818181818181819,
    0.8,
    0.21818181818181817,
    0.2,
    0.12727272727272726,
    0.9090909090909091,
    0.14545454545454545,
    0.07272727272727272,
    0.8545454545454545,
    0.9818181818181818,
    0.34545454545454546,
    0.09090909090909091,
    0.18181818181818182,
    0.01818181818181818,
    0.6727272727272727,
    0.23636363636363636,
    0.14545454545454545,
    0.8181818181818182,
    0.7454545454545455,
    0.14545454545454545,
    0.6545454545454545,
    0.03636363636363636,
    0.8363636363636363,
    0.45454545454545453,
    0.10909090909090909,
    0.8909090909090909,
    0.7818181818181819,
    0.21818181818181817
  ],
  "ai_Konly_multi_eigen": [
    0.8727272727272727,
    0.8181818181818182,
    0.8909090909090909,
    0.9272727272727272,
    0.8545454545454545,
    0.9636363636363636,
    0.8,
    0.8545454545454545,
    0.8,
    0.8363636363636363,
    0.8545454545454545,
    0.8545454545454545,
    0.8545454545454545,
    0.8727272727272727,
    0.8,
    0.9272727272727272,
    0.8,
    0.8181818181818182,
    0.8181818181818182,
    0.8,
    0.7636363636363637,
    0.8727272727272727,
    0.8181818181818182,
    0.8,
    0.8181818181818182,
    0.8727272727272727,
    0.8909090909090909,
    0.9090909090909091,
    0.9090909090909091,
    0.8727272727272727,
    0.9090909090909091,
    0.8363636363636363,
    0.8545454545454545,
    0.8727272727272727,
    0.9272727272727272,
    0.8,
    0.8909090909090909,
    0.8727272727272727,
    0.8727272727272727,
    0.7818181818181819,
    0.8181818181818182,
    0.7454545454545455,
    0.7272727272727273,
    0.9454545454545454,
    0.8363636363636363,
    0.7272727272727273,
    0.8727272727272727,
    0.8727272727272727,
    0.9272727272727272,
    0.6545454545454545
  ],
  "ai_2_8_2_random": [
    0.07272727272727272,
    0.9090909090909091,
    0.07272727272727272,
    0.9636363636363636,
    0.9090909090909091,
    0.01818181818181818,
    0.8545454545454545,
    0.8909090909090909,
    0.03636363636363636,
    0.05454545454545454,
    0.14545454545454545,
    0.9090909090909091,
    0.8727272727272727,
    0.07272727272727272,
    0.10909090909090909,
    0.07272727272727272,
    0.09090909090909091,
    0.9454545454545454,
    0.9090909090909091,
    0.12727272727272726,
    0.8909090909090909,
    0.9090909090909091,
    0.05454545454545454,
    0.9272727272727272,
    0.12727272727272726,
    0.05454545454545454,
    0.9636363636363636,
    0.09090909090909091,
    0.07272727272727272,
    0.03636363636363636,
    0.05454545454545454,
    0.9272727272727272,
    0.8909090909090909,
    0.03636363636363636,
    0.07272727272727272,
    0.07272727272727272,
    0.5454545454545454,
    0.9818181818181818,
    0.03636363636363636,
    0.9090909090909091,
    0.10909090909090909,
    0.05454545454545454,
    0.12727272727272726,
    0.5454545454545454,
    0.8545454545454545,
    0.18181818181818182,
    0.07272727272727272,
    0.9454545454545454,
    0.9454545454545454,
    0.8909090909090909
  ],
  "ai_2_8_2_multi_eigen": [
    0.9454545454545454,
    0.8909090909090909,
    0.9272727272727272,
    0.9454545454545454,
    0.9090909090909091,
    1.0,
    0.8545454545454545,
    0.9272727272727272,
    0.9636363636363636,
    0.8545454545454545,
    0.8909090909090909,
    0.9636363636363636,
    0.9090909090909091,
    0.9636363636363636,
    0.8909090909090909,
    0.9454545454545454,
    0.8909090909090909,
    0.9454545454545454,
    0.9090909090909091,
    0.8909090909090909,
    0.9454545454545454,
    0.9636363636363636,
    0.9272727272727272,
    0.9272727272727272,
    0.8909090909090909,
    0.8909090909090909,
    0.9636363636363636,
    0.9454545454545454,
    0.9636363636363636,
    0.9090909090909091,
    0.9454545454545454,
    0.9636363636363636,
    0.9090909090909091,
    0.9454545454545454,
    0.9272727272727272,
    0.9818181818181818,
    0.9272727272727272,
    0.9272727272727272,
    0.9454545454545454,
    0.9636363636363636,
    0.9272727272727272,
    0.9454545454545454,
    0.7818181818181819,
    0.9818181818181818,
    0.9454545454545454,
    0.8181818181818182,
    0.9818181818181818,
    0.9272727272727272,
    0.9454545454545454,
    0.8909090909090909
  ]
}